0,1,2,3,label
398.03262650602414,0.3488846189705858,0.030861682985834027,0.9471550158111441,angry
287.7927550200803,0.4625716133268115,0.041454804285802865,0.9359994091593427,angry
438.3812369477912,0.4486379128531903,0.05447413955383752,0.9569922456453758,angry
363.31763855421684,0.3704303986479015,0.02907541767932502,0.9133878146730636,angry
306.011967871486,0.5028975456350744,0.0481413433767052,0.9323192241705843,angry
361.1402088353414,0.34235289940782626,0.03789369938000744,0.9701475444374666,angry
120.19322088353414,0.5349320217937863,0.05894543532570066,0.8882309639463761,angry
583.5838232931727,0.308530198768764,0.02833299605023831,0.9158472194579903,angry
214.5178634538153,0.44164362095088133,0.03597641200747957,0.9479525608349055,angry
623.3783453815262,0.33373252945011184,0.042532316177095235,0.9509731275289793,angry
362.4950843373495,0.34215632913831506,0.02799652979484314,0.9115003679584284,angry
422.6558875502009,0.42631090847323266,0.07354016149243231,0.9432049945184175,angry
293.3520481927711,0.44417901978796204,0.03337549566535138,0.9500964819655918,angry
304.3086586345382,0.4331397363706002,0.03283614299668276,0.9596991174444629,angry
299.7504096385543,0.40165118293033447,0.04970558373173009,0.9668943509147087,angry
195.2275662650603,0.5190160495109122,0.0547696278394811,0.9565056662647141,angry
274.99110040160645,0.40383271653975544,0.0309841499496769,0.9777076054777931,angry
504.3831807228916,0.4263606562721921,0.041441885187641726,0.9119255171462617,angry
268.93037751004016,0.4449658485364778,0.03212538137337868,0.9556122398318686,angry
196.70827309236955,0.5562231172746864,0.062081617698091604,0.8638343382363562,angry
348.30644176706824,0.40724711104199596,0.040156799816153846,0.8747254719509701,angry
260.99196787148594,0.3715588197130539,0.028794175849112816,0.9185396851115095,angry
60.90934939759036,0.5571532550621121,0.061083242625425666,0.9258178442324467,angry
459.8600803212852,0.43968506587103584,0.05425948644694286,0.9411415898708787,angry
415.71807228915674,0.3984941066566746,0.04871434492853311,0.9641131944332288,angry
263.1539759036144,0.42975672816310295,0.03459509269217277,0.9446217476705663,angry
546.7503453815261,0.35710717799570607,0.03155349691188392,0.9346134220277842,angry
615.5836465863454,0.33075814537818127,0.032089510461620084,0.9272722830554843,angry
675.2865702811246,0.2861924482227037,0.026147034721339935,0.9279443287420351,angry
344.2134136546185,0.4242460864332376,0.09047207293253531,0.9464369816371972,angry
412.5787309236948,0.27486905885895735,0.023021016356310486,0.9296888438426152,angry
454.09007228915664,0.36283305933632404,0.030938449512921237,0.9487877258298347,angry
351.3312931726907,0.5266365219539529,0.11683860916910593,0.9520289320589642,angry
602.3507630522088,0.2871675745855382,0.026179879806364634,0.9340172760462835,angry
266.88801606425704,0.408021474026076,0.033644560516007414,0.9358852601501162,angry
252.43264257028113,0.6713714184998396,0.17260977871339905,0.9535776264167349,angry
278.06579919678717,0.411857268125672,0.03280736632386551,0.9500733485887084,angry
277.28824096385546,0.6035489001932645,0.08027574934140243,0.9550161175635938,angry
213.88981526104422,0.4561533852199405,0.04042311020023909,0.9111960585584722,angry
167.40486746987952,0.42083588429997215,0.04503855615782549,0.9625274757992457,angry
289.7137349397591,0.41289475670116244,0.028862101218724373,0.9542293099423874,angry
192.86088353413655,0.47919089904994305,0.04738263648313485,0.9365409982132366,angry
275.8768353413654,0.5873242254644738,0.07591360083899365,0.9326445076189682,angry
351.154265060241,0.45103741243918427,0.040693398063138764,0.9524885713557198,angry
306.61481124497993,0.3296961171314665,0.025609993049669672,0.9296860700802759,angry
394.6419116465864,0.3240341550027223,0.030644674563380478,0.9421400453708327,angry
367.4855261044177,0.3991308074425803,0.03722170511093793,0.9164961492401057,angry
245.60883534136548,0.38671012269760346,0.03350067445272226,0.971654572949148,angry
451.1881927710843,0.2923002394169383,0.02233864183683081,0.9290791427652755,angry
402.65567871485945,0.3421671308099623,0.029310582942257583,0.934616555800031,angry
265.23955020080325,0.4183502622139926,0.03410292320046186,0.9453358764010718,angry
396.75537349397604,0.28974520150733746,0.0224877566333333,0.9610899987287457,angry
232.65828112449802,0.4010691867637382,0.03915458258490037,0.9674772469660963,angry
517.5128674698796,0.28790483010322665,0.026319068062067612,0.921158731891643,angry
444.13702811244985,0.2850638827637295,0.025568070522080717,0.8917038846244534,angry
398.285702811245,0.3906181986241734,0.03139640575938831,0.9559258364079566,angry
417.815951807229,0.43407770595579487,0.07491807690057117,0.9490309051886947,angry
411.946265060241,0.26561556201857534,0.022904554900353414,0.9240175084204028,angry
202.81950200803215,0.4707082959768471,0.036021867557632814,0.9489637545179619,angry
425.7535742971889,0.34401245684261067,0.02895509136874411,0.9242716445283887,angry
449.67460240963857,0.3707651098614876,0.043087649501778014,0.9517259098654328,angry
309.901734939759,0.3530820641634519,0.028272836800597383,0.935206929741276,angry
317.3999518072289,0.4975414699488429,0.052556465152463476,0.9287141715566355,angry
178.16825702811246,0.47454558601743413,0.06015282440982537,0.9720731193833047,angry
644.0537188755021,0.3861310157831377,0.05784475970686324,0.9284151473741833,angry
284.8882730923695,0.36465859813273194,0.028081350555056714,0.9238196451604712,angry
459.9090602409638,0.42665553484174346,0.04407008674377784,0.9187234154803573,angry
436.82732530120484,0.33061560454976735,0.024989045195851836,0.9529537693869977,angry
287.7952289156627,0.3611426537249427,0.026469089515794922,0.9276200664831296,angry
294.37286746987957,0.386887174388885,0.03705001399513535,0.9593085594334477,angry
68.6755983935743,0.5891525444067942,0.10216902578808612,0.9854029682632625,angry
360.0614939759036,0.3622253504347566,0.03449181163110531,0.9483056769637921,angry
295.0528353413655,0.45777986896075634,0.04483187915704398,0.9785445309878436,angry
16.073253012048195,0.5922178662589741,0.07472824742175081,0.985892675994987,angry
320.97566265060243,0.3878992960644375,0.05399776761232265,0.9233611824738885,angry
319.28194377510044,0.3396078665670933,0.026261704709324762,0.9588046377734187,angry
221.52067469879515,0.5216749749468275,0.040765425376543624,0.9782584512177864,angry
230.51670682730924,0.475587030730118,0.05515893246355356,0.9646824440674463,angry
323.75084337349404,0.38686317667850095,0.027915241743557667,0.9388480938345418,angry
175.52355020080321,0.5595037672624047,0.12876940695826933,0.9760066395874809,angry
415.0489156626507,0.4215611160924087,0.03682393769083194,0.9269117971533988,angry
847.1294779116465,0.3182086647220622,0.06319437378886252,0.9465469516562958,angry
175.46801606425706,0.41448761396068545,0.03004657706961149,0.9441400890084398,angry
491.77469879518077,0.35382972577999455,0.048132068865668586,0.9368402165416607,angry
404.33905220883537,0.34414945497144206,0.025924844200375843,0.9188801494836607,angry
428.24424096385553,0.37881327020637534,0.035355396995481715,0.9606933241270772,angry
598.024578313253,0.30326002436457516,0.028489016665717102,0.867918143322121,angry
241.27241767068276,0.45440278253183436,0.03851853100797593,0.9636633974669289,angry
282.844578313253,0.48549404891491776,0.054044978749823766,0.9376202966504541,angry
135.01339759036142,0.39065866461506527,0.04865945391973529,0.9579770500226743,angry
247.36173493975903,0.463896779428803,0.036206134107770835,0.9666122644174218,angry
282.85807228915667,0.43940690457333054,0.03630468777374519,0.9426525198425582,angry
265.06149397590366,0.380865161266357,0.02974356078879324,0.9747325576855517,angry
271.66369477911644,0.38877163874187576,0.02816468812651034,0.9727939285465127,angry
336.29730120481923,0.3739837502306219,0.03138354794826839,0.9396829535601301,angry
247.75587148594377,0.33031766183982963,0.037779703693827035,0.9463286710177279,angry
350.5438554216867,0.4322616014552527,0.038807973478437875,0.9054329397545353,angry
401.51333333333343,0.4989432080152443,0.08120295542055571,0.9644725250872778,angry
446.1327710843373,0.33874594278280645,0.025453195545257285,0.9463506602230539,angry
299.5021526104418,0.416311368281698,0.03189740169309104,0.9640364554387262,angry
371.6693172690763,0.3990021652481977,0.03822484474561694,0.9582172815082525,angry
115.01225702811244,0.49181401623402843,0.03916260936684122,0.9571860958356359,angry
336.0032931726908,0.2986294696602895,0.026817784423665038,0.861778782257736,angry
213.2732530120482,0.4610372420320372,0.0491932404262068,0.9426255512250076,angry
435.37259437751004,0.39911240582725205,0.033156377446840184,0.8874021912674835,angry
428.7742329317269,0.4172634034577971,0.035365460935269565,0.8939447122175642,angry
270.44248995983935,0.4315588322364121,0.043959404214383595,0.9765457719111388,angry
335.9035341365462,0.3457478385492838,0.028762781927898894,0.9448905643076771,angry
332.44530120481926,0.3803963000168559,0.028894512568424298,0.9682471247530118,angry
405.0197269076305,0.334562331139391,0.028737092524581235,0.8586978010718581,angry
167.516,0.45157148709561246,0.03781398489007583,0.9273488909851249,angry
416.2957108433735,0.4069250187502172,0.036725793699251136,0.9303077614279849,angry
348.61302811244985,0.37308651611399235,0.029438880740114044,0.9350675191776112,angry
239.94698795180724,0.3932140492997637,0.03733009822229992,0.9774553074047141,angry
653.88281124498,0.340083789712104,0.03421338293247728,0.9231314500585719,angry
275.81831325301204,0.48252376758045173,0.11277561061409272,0.9596352563796428,angry
308.3952128514057,0.47263760035665603,0.057200021452390774,0.9734402445087194,angry
261.53010441767066,0.38539854341830776,0.05285826056300583,0.9376504182163552,angry
391.67699598393574,0.3742028584136258,0.03142856011748245,0.9272038672832497,angry
280.3066666666666,0.33095104888821203,0.027763860580317667,0.9736936910228474,angry
317.8827791164659,0.5333039258632613,0.06803767586189374,0.9227016557128574,angry
362.50806425702814,0.31635100524314846,0.025051908819767474,0.9615347299349949,angry
322.2258473895582,0.42400841597976263,0.037105624122152854,0.9370251755524845,angry
278.6141044176707,0.4071392151899469,0.034173451347789346,0.9713729549192813,angry
168.2434698795181,0.48643036976499443,0.04705295198646386,0.9704187886780392,angry
255.50030522088358,0.5399085667162993,0.051527355861935575,0.8994165576405752,angry
239.94698795180724,0.3932140492997637,0.03733009822229992,0.9774553074047141,angry
424.5357751004017,0.31033971482806155,0.02472391969908921,0.9443023154678164,angry
303.63442570281126,0.3780151183780077,0.03357048459358025,0.9618451701982963,angry
461.21641767068274,0.340788599605159,0.02904039140844897,0.9477514620982981,angry
449.96361445783134,0.3584754959859096,0.027683809640958647,0.947889943932202,angry
354.9538955823294,0.3885596888003739,0.03159614351817649,0.9349891956150639,angry
268.9915180722892,0.4610429619265667,0.04302538875682783,0.9387763278280035,angry
256.7644176706828,0.40909521140551963,0.03142907740712088,0.940771096819017,angry
292.3930281124498,0.44845157507390143,0.037994790049453914,0.9643105351977719,angry
365.9657510040161,0.4280311793310435,0.034751581149363095,0.9534329049770028,angry
440.015951807229,0.4313163956021547,0.04742469053731527,0.9216599528008281,angry
255.66295582329317,0.47199250388876535,0.0509272977074163,0.9721315872001032,angry
214.29342971887553,0.41181299495586693,0.03550825873120176,0.96947999059951,angry
240.42355020080322,0.42282083174144025,0.03201477860703194,0.9690497457691026,angry
306.3366104417671,0.3296495383612077,0.027569990667628785,0.9556494344386247,angry
445.072514056225,0.3229517884681536,0.030805750145522417,0.934789401287908,angry
385.7529799196787,0.3770706131641751,0.035757975281679774,0.914159935538185,angry
320.3008674698795,0.3240662444324641,0.03196016132728266,0.9212371555897182,angry
418.2816706827309,0.4032639114453753,0.037535414480250384,0.95616500574406,angry
99.8685140562249,0.49873449589222124,0.053689635784699624,0.9622737315433239,angry
260.9784899598394,0.5038814082542538,0.039019924903091655,0.9176042161032298,angry
511.56673092369476,0.3322073132104054,0.03264177180189016,0.9221689791464441,angry
521.2568674698796,0.3533537479502905,0.03051848636535069,0.9158095540950513,angry
377.63847389558237,0.32320909197297615,0.027857895138998896,0.9018545221177088,angry
346.2220401606426,0.46700698839038324,0.058501939521621735,0.9729250660023425,angry
337.8180562248996,0.3477795604996681,0.03300259980678111,0.936544214357458,angry
354.8867951807229,0.35338064554717086,0.026173649313544586,0.9560907381107515,angry
280.5241445783133,0.3883476522412879,0.030240339838999295,0.9240572885499553,angry
490.6640963855421,0.4172872635839719,0.0438118794685645,0.897547354246108,angry
123.29757429718876,0.5366416248324958,0.07781346026124956,0.9736339224042497,angry
376.04849799196796,0.4164360671086227,0.043880905257620735,0.9270428184278888,angry
401.83180722891575,0.3327522698401701,0.027754545598409126,0.9112505254640164,angry
283.653702811245,0.3922560184499841,0.034798043395166185,0.9775748560909587,angry
508.6389397590362,0.34837116110792377,0.031364893114055534,0.9108012414768885,angry
408.0397590361445,0.44651382983071597,0.04059445697304622,0.9334547391515168,angry
239.32419277108437,0.4733585205893613,0.051919365580192146,0.9350415161394159,angry
387.54356626506024,0.3207628684363524,0.0264335677557593,0.9508531628259005,angry
509.7889477911648,0.41384979244799414,0.05668379112742722,0.9337713307562464,angry
250.02801606425703,0.39669273435039876,0.03288287884644991,0.9606607170114759,angry
306.96575100401606,0.3639025707741404,0.03904735489452885,0.9191125402665543,angry
366.7079036144578,0.3712539575765403,0.0320348353156187,0.9525058431169359,angry
403.2301204819277,0.3174384232437531,0.026721779792257157,0.9335657046316156,angry
372.17659437751007,0.4303277709723536,0.040134745063678055,0.962539482611251,angry
725.607469879518,0.3252685658930255,0.04698676276256158,0.9282527086582432,angry
242.1344417670683,0.45596257958380526,0.03826050775626056,0.9745995143984716,angry
240.42355020080322,0.42282083174144025,0.03201477860703194,0.9690497457691026,angry
312.58311646586344,0.5450808236983036,0.07298031748280691,0.9224016406835209,angry
306.63090763052213,0.42524466278639433,0.03695880401613826,0.9255912080830588,angry
312.59015261044175,0.39193487756672746,0.029297681744092585,0.9524508050621076,angry
494.18658634538156,0.3246402247278156,0.02516641087479041,0.948459251207485,angry
237.19887550200804,0.4710866376258466,0.13665458489554835,0.9613662561162091,angry
313.32785542168676,0.42160727134236514,0.0332890866154196,0.9127770952290049,angry
287.7158554216868,0.47087868624116735,0.048350830495784695,0.9436322458257961,angry
403.60014457831335,0.3256368836115972,0.029501464606503987,0.9286859990675096,angry
224.03736546184737,0.4790407809543919,0.051747482749752695,0.9790097709855663,angry
219.42779116465863,0.39981646749490257,0.04972265136735016,0.9532956165720303,angry
299.6976064257028,0.3769053504362301,0.03159047478987995,0.9199069055081738,angry
262.5926586345381,0.36348661919870057,0.028011283258833678,0.969643758226755,angry
330.37365461847395,0.35064214140888117,0.026982319167418826,0.9440878576103716,angry
325.7843534136546,0.4106320011048937,0.03664229209587186,0.9556095980330872,angry
327.1936385542169,0.41471355547798283,0.031238276812698917,0.9544481953280795,angry
584.8772369477912,0.38694401073922297,0.03866593585953423,0.9316661670961291,angry
325.8466987951807,0.38141645716622113,0.04093820757835389,0.9742570671468141,angry
435.37259437751004,0.39911240582725205,0.033156377446840184,0.8874021912674835,angry
474.39142168674704,0.45036309715802825,0.0702617657790597,0.9306181494412703,angry
268.1208514056225,0.48062102488918634,0.043873712295664384,0.9520027701500385,angry
1.21659437751004,0.7806081766329644,0.12239300185251326,0.9979537921374616,angry
345.78271485943776,0.3491790926436996,0.028945187960454345,0.9578092352619971,angry
263.8237751004016,0.4008295169459835,0.03504687821823773,0.8901240924221859,angry
282.44477108433733,0.4877061193913943,0.03964703546509658,0.9538028946230037,angry
513.502843373494,0.37442670454143645,0.034075443542931884,0.9097729082669644,angry
360.50016064257034,0.3947661904691998,0.03837028414257802,0.9294965732958655,angry
387.54356626506024,0.3207628684363524,0.0264335677557593,0.9508531628259005,angry
262.71980722891567,0.37935350612180524,0.03191623849858738,0.9449528402316566,angry
233.93387951807233,0.4900915456046473,0.04369975166602953,0.9471735740818398,angry
377.088562248996,0.4146699464889753,0.03420316862874054,0.9711946211450166,angry
181.769702811245,0.43891589522265667,0.034303151198663256,0.9588883074216179,angry
509.80610441767067,0.3166686872393408,0.022936800232164982,0.923708986832216,angry
502.25461847389556,0.3568881350980624,0.04413013682628725,0.9579466226087618,angry
323.4266987951807,0.3524484059382458,0.029699931007332207,0.9302139933954466,angry
262.4251887550201,0.4781276559140934,0.0489096401618297,0.9240740949543026,angry
343.2768835341366,0.4428164342135882,0.049955929029940296,0.9113188606461153,angry
5.528176706827309,0.603908833054938,0.05892707570895441,0.9944116021834436,angry
256.2215261044177,0.5026782197785342,0.10541115755412715,0.98155021726347,angry
331.19914859437756,0.3696376034199313,0.05958803967261085,0.9408057600436253,angry
418.41330120481933,0.330967245969292,0.02625939538286161,0.9478629264294104,angry
364.32107630522086,0.42158450204881526,0.031512774405415354,0.960860360784099,angry
71.28464257028112,0.5414832986562873,0.05902400224828696,0.9717539123363994,angry
316.52885140562256,0.37839757648779276,0.02996380563127629,0.9433293912911952,angry
504.55447389558236,0.4338159141587063,0.05402063073216465,0.9381912406537016,angry
202.84295582329324,0.5579179361695954,0.06763677960920329,0.9092799279389776,angry
672.4061044176708,0.28163306780084774,0.032177977987791345,0.9282761871460469,angry
133.249702811245,0.6756529746516144,0.34307743116124273,0.9805205573344271,angry
393.504,0.312542637364877,0.027078600868396425,0.9349596572002181,angry
283.8779277108434,0.30799754829458525,0.026867046058332917,0.9629693676809326,angry
218.82591164658638,0.36172511925943013,0.03327078662759064,0.8977442513385268,angry
338.8880803212852,0.4219656005053672,0.03502507609626429,0.8689768214408302,angry
336.0837590361446,0.45314205113282235,0.045046187558596976,0.9746270629311699,angry
327.32404819277116,0.375873076436122,0.03192425835694198,0.9342517773113126,angry
224.3523212851406,0.4899171147106348,0.03928441715493209,0.9595362298707574,angry
535.1854779116466,0.3398918770898732,0.03441707740604825,0.861713320470745,angry
246.40014457831327,0.3714491855388811,0.03273953123077981,0.9755676032643305,angry
326.45206425702816,0.3914231236258903,0.03012734807952405,0.9449387315749403,angry
410.2648674698796,0.29079581226749623,0.025575891456029138,0.9064430395673375,angry
307.7817349397591,0.3908402113834073,0.028985146324284835,0.9421179315297379,angry
302.7993413654619,0.4721464932261866,0.04015737175435715,0.9116086050915682,angry
206.79389558232933,0.4353469306912135,0.11711216878040634,0.9727462697150521,angry
399.82366265060244,0.38822005003400567,0.03242804153469902,0.8848144857579566,angry
314.74820883534136,0.3452728060486639,0.028419927217148457,0.8944718803683269,angry
192.0793092369478,0.4831943431318593,0.15605961957281556,0.974375172107361,angry
390.53919678714857,0.35374271646200306,0.033594782474748265,0.9629609935099451,angry
408.44631325301214,0.4153482428085642,0.03435386342833514,0.9359942261942681,angry
395.60385542168683,0.4197048063389022,0.09437236797066044,0.9648599249572217,angry
80.35492369477913,0.6211230252929065,0.07103460062005162,0.898405496102091,angry
324.0924497991968,0.40513595589248025,0.03765811352119993,0.9685775006921199,angry
313.20361445783135,0.35430282328875334,0.0280538505727674,0.9497559733030839,angry
345.41624096385544,0.35888902245098014,0.026372520060810135,0.9465533341466266,angry
503.71060240963845,0.3838098786982491,0.06600597763874899,0.9434538494511704,angry
392.100578313253,0.45802446738504593,0.04703542585093999,0.917779548291594,angry
437.3030040160643,0.2850931659737213,0.02391994303461944,0.9212250901177537,angry
199.6140080321285,0.45298238677551556,0.03454539944520346,0.9582739577110212,angry
218.44133333333332,0.5200411956452066,0.043424714661746924,0.9338026903102293,angry
429.4341204819278,0.35360437023538316,0.03188005131697615,0.9085741337405684,angry
274.2949397590362,0.4289971939409082,0.09057356343893012,0.981438967268944,angry
286.6061044176707,0.4402472878139034,0.038615834295586834,0.9565694649809476,angry
262.40459437751,0.4455210095100788,0.04702743132585609,0.9736900042899296,angry
335.3824257028112,0.3668136989212527,0.028878995046529955,0.9450067967710356,angry
497.8164016064257,0.3065010853671544,0.02539011597821617,0.94155653017556,angry
245.64579919678715,0.43158504692290434,0.05432430586374112,0.9539313402759466,angry
339.6034859437752,0.33726083329902895,0.026336123361026365,0.9475501197105944,angry
291.737702811245,0.45613396384335414,0.035357177915676524,0.9180200818120365,angry
294.70020883534136,0.38181313690365704,0.029810024121161394,0.9251501752750321,angry
446.218313253012,0.3557628155615107,0.04993734433326151,0.9611202473703265,angry
444.71264257028116,0.33783520526146715,0.028001239583903954,0.9087214808812477,angry
313.7338313253012,0.42262518487215167,0.031576159582351,0.9573577932805597,angry
393.1543132530121,0.37133102513963107,0.029571168812461263,0.9309735525990679,angry
461.85906827309236,0.32515624846759267,0.02875534315853592,0.8725965699910188,angry
362.02952610441764,0.4237515626274134,0.03994963361832354,0.945762902286038,angry
411.36612048192774,0.2980254158247475,0.02691255484521379,0.9522868329697851,angry
128.90647389558234,0.43995769036983035,0.03850490152555748,0.9428161866853686,angry
235.38565461847392,0.36021807747578993,0.030013363474704475,0.9627160272919562,angry
238.07538955823293,0.3328087179829779,0.026618507827304575,0.967125687582151,angry
346.5544257028112,0.5672554342135834,0.11510735285903678,0.958815174085541,angry
539.5686746987952,0.366639665926559,0.034317050765271744,0.9227781315714325,angry
242.92224899598395,0.45583275576938304,0.09652492198152401,0.984153457409043,angry
408.70851405622494,0.3000814630705552,0.023405561849240475,0.9122259779087468,angry
308.4913734939759,0.40155963048744964,0.06165939403601974,0.9767001848405711,angry
212.75643373493978,0.44541405404195394,0.040666488192157346,0.9642783549971479,angry
291.4155341365462,0.422970848005179,0.031785055757696044,0.9546477770921256,angry
488.38552610441775,0.31203014381080485,0.024877803649712288,0.8890335567255923,angry
448.670313253012,0.35808149376852694,0.02823854223389879,0.9265459266529645,angry
383.78514056224907,0.4213683231597049,0.07635550066138197,0.9327760484925235,angry
435.3083855421687,0.36346833882739815,0.03106953561432202,0.9526022003605522,angry
234.35722088353415,0.399534016549416,0.03188530436286205,0.97668364801447,angry
295.77742971887545,0.3281451470127226,0.026245780969390998,0.9466608242898947,angry
356.69326907630534,0.3745108928887893,0.028252785697680104,0.9405668094843107,angry
294.0770120481928,0.46892532757385397,0.049792501169260046,0.9471635181224999,angry
391.3253815261045,0.389456109855511,0.03576864742720858,0.9409713452275045,angry
135.55074698795184,0.5140903180845788,0.04206847686640126,0.9325399007062851,angry
307.1827148594378,0.31893350696270706,0.02915774611456302,0.9477704733744344,angry
10.107710843373496,0.6406771717538348,0.11298782133574066,0.9930610813865286,angry
210.12171887550207,0.4277792887699762,0.048870970938327304,0.9558378593342162,angry
241.29020080321288,0.46775633526783406,0.039195371624976987,0.9318885397273242,angry
530.5900722891566,0.2874925992310002,0.023396673528264453,0.9456323268515628,angry
533.8707469879519,0.2946149079481965,0.02462232980147949,0.9358854081761315,angry
469.9376706827309,0.3414588142652318,0.026313606070273637,0.9443997630138402,angry
176.37699598393576,0.48882642997477105,0.041113929364870384,0.9430979136520417,angry
402.26772690763056,0.41060815877683793,0.038141587077991215,0.9279085340174613,angry
380.5501365461848,0.2916266827113669,0.02251185394424386,0.955265144117152,angry
476.75468273092366,0.3008677557362622,0.03003738577910587,0.9548696255758787,angry
371.725702811245,0.3237559148694135,0.023939181985231456,0.9476254929721026,angry
453.7214457831326,0.3255297904857514,0.0245970057800468,0.9482907329387524,angry
319.6831164658634,0.4432240293498575,0.042974310632431,0.8267471128840913,angry
267.6301204819278,0.4485815846347765,0.034982028625233634,0.96137268014747,angry
488.7319357429719,0.45377045800246263,0.05321887364573561,0.9497118412676231,angry
428.3742329317269,0.33336434102862234,0.02920047153078801,0.9454897677635611,angry
363.7484658634538,0.3701539309020489,0.027932227828479296,0.9173282784181961,angry
374.70946184738955,0.37507716896623244,0.027913346572136056,0.9615083328869213,angry
357.41196787148596,0.41153212176283005,0.03160800861505733,0.9441586243520086,angry
300.27008835341366,0.4220252781824799,0.0396874939477413,0.9483395405711051,angry
265.74724497991974,0.41556030807018074,0.03366481907310819,0.9741313588740317,angry
355.197702811245,0.3884437437395868,0.03532873816037297,0.966136074964383,angry
274.40226506024095,0.3708792481010299,0.0313620050648506,0.9429810832439448,angry
504.58064257028116,0.27438020827920745,0.02274449195572331,0.9289613969002998,angry
415.0721124497992,0.3552850707161339,0.03007425421788255,0.957766653644225,angry
244.99842570281126,0.4807948474868951,0.04783968648153508,0.9313769846511796,angry
328.67334939759036,0.39348515690690467,0.03441606515681845,0.9417183538242384,angry
307.7520963855422,0.48333948766044477,0.047885327235412195,0.9288703547583973,angry
356.3986666666667,0.410350061223483,0.05957859790966712,0.9623311387262483,angry
503.2857991967872,0.3523723472163294,0.03256957496300426,0.8543256863886782,angry
193.64020883534135,0.5493630219374944,0.06212454251680937,0.9524581086348405,angry
195.40514056224902,0.4301288753997948,0.030365831263564732,0.974811219431347,angry
306.89734939759035,0.3963768855320869,0.03364554995666711,0.8758995749445075,angry
321.1515983935743,0.38730180597180763,0.03621361724231651,0.9091621665472013,angry
305.40118875502003,0.47507218591336703,0.04214056665047664,0.9259104489555483,angry
563.2261526104418,0.32302778017109385,0.027568212174144877,0.938129031264857,angry
244.74242570281123,0.42171491639315734,0.04069864221015682,0.9591590598955139,angry
321.5931726907631,0.3887607471993706,0.03537019634527628,0.8808307985517869,angry
448.93256224899596,0.29282006688718965,0.024132706227832652,0.9353990941398005,angry
207.76435341365465,0.42131898055546607,0.05246884406105467,0.9655421241615665,angry
512.9441445783132,0.3968383924911263,0.040566202837239454,0.9208369378658573,angry
547.4210763052209,0.3516323220543808,0.033271787183587864,0.8645718207006526,angry
419.21804016064266,0.35670875569938326,0.03522058221354533,0.9172973603204282,angry
463.1157751004016,0.32373579265775293,0.028544417344766964,0.9601554407806264,angry
285.26308433734937,0.41113408885067915,0.03317499724568084,0.9483641563939346,angry
344.79421686746986,0.3774105905322133,0.029938603755666243,0.9453260074356249,angry
329.5647710843374,0.40648916413353675,0.0353953439551539,0.923179680656994,angry
293.02338955823296,0.5570454916396544,0.059954506066657004,0.9244093058824084,angry
324.1602570281125,0.4062543022473656,0.03315309280381953,0.9297681253681574,angry
619.8789718875503,0.3791618859430792,0.051824692427273784,0.950305078880494,angry
318.21424899598395,0.4248112233874031,0.03855607090588901,0.9768212457455763,angry
426.0258795180724,0.3584549072930112,0.03140443510938549,0.91740360019711,angry
154.09510040160643,0.4102332933139401,0.0491349034606243,0.9638808511883025,angry
239.67927710843372,0.48137596679754024,0.055775239205497894,0.9652503408852093,angry
336.6965783132531,0.4056856933653301,0.03323738646904404,0.9139484080868142,angry
424.58859437751005,0.3354445134930433,0.036264048872473566,0.9632641814590396,angry
430.6602088353414,0.36158585824608275,0.026826116415296974,0.9294034834813593,angry
308.02660240963854,0.3263905038965225,0.024664729830233816,0.9252484222719571,angry
240.38245783132533,0.439426202875267,0.03624655315923915,0.9743491199446194,angry
485.52067469879523,0.3169392887492972,0.028437283376250913,0.9035324505722903,angry
311.9370602409638,0.3630123670721682,0.02666651183000483,0.9267406565544715,angry
286.35601606425706,0.44944180699386044,0.03830984804652013,0.9794378139144707,angry
333.0817510040161,0.4515434802797244,0.033794722320529075,0.9444059121353601,angry
315.1139759036145,0.4139898140136762,0.0337157872578166,0.9689396772238126,angry
525.5783453815261,0.31682845194838916,0.03172500833113249,0.9163892551571813,angry
206.3530923694779,0.45766797450676866,0.051427686028164325,0.9821630836473152,angry
491.1665863453816,0.40058854093720647,0.04393556970076624,0.9317383788408846,angry
314.6660401606426,0.336488497157644,0.02559658773084505,0.9227059399181226,angry
300.63871485943775,0.3541899317038681,0.031815949475918155,0.9522323268642944,angry
640.9534297188757,0.35104204896408076,0.03345344402615391,0.943721147337402,angry
275.17251405622494,0.4624522954913727,0.043900790043709136,0.9364591023349981,angry
690.4145060240962,0.324811204887018,0.04263373916926564,0.9171319760118681,angry
459.12329317269075,0.3615365127669297,0.027525887617316596,0.9084095846575022,angry
303.0528674698795,0.4112229552154802,0.039224113195210804,0.9185984339126745,angry
306.19644979919684,0.3563488050542893,0.042530659746060684,0.9611868606051795,angry
302.57603212851404,0.5231879223805239,0.054653501643087216,0.9335989730192776,angry
186.82287550200806,0.4009982459568754,0.031971503900509526,0.975125798719561,angry
411.2508755020081,0.3229154601059336,0.025660527468408287,0.9552368334311812,angry
423.52257028112456,0.4039258125703098,0.03375187182650338,0.9357448981636288,angry
289.050859437751,0.371456675463809,0.03044380576191494,0.9368950830738502,angry
440.19326907630517,0.2964096145362272,0.023907630184774032,0.9276074851224203,angry
665.2924979919679,0.34063703066148077,0.030434386788021815,0.9251940688928579,angry
235.05927710843378,0.3781306654635448,0.03223762196457937,0.9760095462958431,angry
40.38134939759036,0.5580489623317887,0.053062864776265345,0.9700296267427124,angry
475.94441767068275,0.3571827277202345,0.026018284838729453,0.922873891793743,angry
447.542248995984,0.41424531109260776,0.047652884894316606,0.931897927673042,angry
314.83024899598405,0.33973551060929497,0.02880109386839326,0.9233163217623888,angry
217.56575100401608,0.37479699070774364,0.02745423354892713,0.9819302755530892,angry
172.6230843373494,0.5529324523641719,0.047974655007664894,0.9412288439921702,angry
306.80555823293173,0.37322695784735715,0.027609705430122977,0.9711233569838172,angry
251.6790200803213,0.5603415668402277,0.04602280393764101,0.9315573434384592,angry
311.1871004016065,0.4394326089684241,0.03288804233541409,0.9533794847186335,angry
354.64989558232935,0.2996314698459177,0.02621390447072317,0.9372621432228009,angry
314.33580722891566,0.36882257429538406,0.031758674554539235,0.9599561229488434,angry
373.9180080321285,0.3482263691905262,0.028179454285781586,0.9329092650799484,angry
427.0655421686747,0.4675641656958222,0.03761804493271286,0.9426005988137435,angry
231.8575261044177,0.3262457114724323,0.026441142448228604,0.9243994429022553,angry
237.72388755020083,0.4015784553835171,0.03444575293126416,0.9334627971794265,angry
287.8221204819277,0.49465473103839064,0.05073430633403932,0.9724696205554709,angry
378.56396787148594,0.47809634775501975,0.06627555667141738,0.949142993061093,angry
306.661702811245,0.4627929249634264,0.049502721574018395,0.9384617839261079,angry
195.68661847389555,0.4175069117670852,0.03494907506324951,0.9758686280916183,angry
409.69542168674707,0.45646747504080565,0.04509648693614293,0.9348633888809268,angry
251.14081927710845,0.5511759990411428,0.05731526100900114,0.9207534005608372,angry
352.0980722891566,0.43399305757042667,0.03493801223533572,0.9044476569636212,angry
334.047983935743,0.4142074392982856,0.038254612326728894,0.9593461696994012,angry
446.7408192771085,0.3902111161347014,0.03653014873918508,0.943478984364878,angry
288.0210763052209,0.4244156241460162,0.03157423895525877,0.9275788388451254,angry
308.8402409638555,0.41950389511906605,0.03700559822201715,0.9751137109824459,angry
359.8454779116465,0.40394776701244406,0.03173853276929136,0.9543126660757925,angry
204.00138152610447,0.3766741697087609,0.034814917993048096,0.9083032659453669,angry
293.6367068273093,0.34600866875785885,0.026185970848396595,0.9295387283826185,angry
305.9475983935743,0.4236583931459808,0.03955147965921343,0.9689108839474108,angry
391.8571726907631,0.38902713651825255,0.0394250709623146,0.9566567970603462,angry
436.60438554216864,0.35662278174324963,0.03266550438692148,0.9468944582790539,disgust
372.08602409638553,0.31734912413574584,0.02689364858812771,0.8937396595158879,disgust
492.2842088353413,0.3264260019030995,0.025401994695192835,0.91121410413267,disgust
307.89105220883533,0.32507537904402134,0.023474326729836282,0.949791757580563,disgust
228.80276305220883,0.4429927246858706,0.03389042767101636,0.9804553354910351,disgust
528.9121606425703,0.3331845335057127,0.029678165974132156,0.9091196223945036,disgust
501.957670682731,0.35588636925438494,0.036765030793323765,0.9336403043006306,disgust
496.2136546184739,0.3628299792075198,0.02991821133298263,0.9535867466975952,disgust
616.5608674698794,0.3755111033268358,0.032748224170965866,0.9207189064961862,disgust
387.99534136546185,0.333889324752943,0.024040910707688212,0.9421036018357203,disgust
413.2620080321286,0.36233522855105355,0.026732632398276304,0.9368494080039574,disgust
381.1468112449799,0.3312736246245515,0.03182065352981708,0.9318805871972192,disgust
579.6789718875502,0.311557747888663,0.031655620181254604,0.9255060421179558,disgust
558.5436787148595,0.3268525538677077,0.029667416645090296,0.946405974804175,disgust
197.9190361445783,0.4779723166746736,0.03591953502712099,0.9671059777736363,disgust
272.25424899598397,0.3724053102970297,0.028903317311074376,0.9630661569688228,disgust
188.52689156626508,0.49459980814733956,0.04173072870785282,0.928390966284153,disgust
383.35473092369483,0.41306035262353735,0.04875422877029977,0.929722452891209,disgust
303.3851887550201,0.5491256932235327,0.06229108254682531,0.9091499503679409,disgust
221.04159036144577,0.3815708166652901,0.026028687184944003,0.9820179482624427,disgust
206.01595180722893,0.36995566518401735,0.030039559300726888,0.9379651886374611,disgust
325.9186987951807,0.4587197273968099,0.054989310423927094,0.9509615777448607,disgust
287.5751967871486,0.5102979698927677,0.04233181370902902,0.9642173199564043,disgust
316.03685140562254,0.38708731774225313,0.03008904383429214,0.9478370910896473,disgust
388.0453333333333,0.3198657931913908,0.023713509716103965,0.9619313278406494,disgust
527.7694136546186,0.33632113374949607,0.02874302772072129,0.9323491687884198,disgust
221.81310843373495,0.42941186962466826,0.05291194150333515,0.9710433580263356,disgust
453.7136224899599,0.47253687820170565,0.08977829357762217,0.9417883067119459,disgust
235.8475502008032,0.3760492207870199,0.03369452541896058,0.9736827894961799,disgust
443.1704738955824,0.4273043530318576,0.032340960262213704,0.9426082282309253,disgust
314.3955823293173,0.32551168739947406,0.024335127869237146,0.9672695397446449,disgust
374.39455421686745,0.38279237590683773,0.03204495157287214,0.9443536194326851,disgust
569.6884979919679,0.4313655077082221,0.05011971475059028,0.9262025758700348,disgust
335.91617670682734,0.29883948975115093,0.02281031730677758,0.9686060945821269,disgust
258.30955823293175,0.5534000301287783,0.12567844356241586,0.946128228748643,disgust
372.9839678714859,0.4959097217080506,0.10149291308395696,0.9461140492966296,disgust
234.45256224899597,0.37434536887363085,0.031798757542937046,0.9082733075271799,disgust
591.7676465863453,0.26436474819278566,0.021395443528711002,0.9232589253728297,disgust
437.9489638554217,0.3200423968939766,0.027282226188649197,0.9457094935672674,disgust
278.02183132530126,0.6065929722589609,0.07457716746561943,0.940898879828104,disgust
686.6114377510039,0.33703487308614566,0.03796548488152944,0.9214098267142038,disgust
350.51500401606427,0.4475137437832093,0.047781463022570594,0.9274307886431361,disgust
356.91053815261046,0.40141019421100604,0.03733391396461436,0.9495972666201649,disgust
400.63971084337345,0.3300084245558111,0.029812110344535944,0.885335244413326,disgust
313.0486104417671,0.3264631604465902,0.026062295332765495,0.9610260492292523,disgust
310.1341526104418,0.42742447062249445,0.04289778695319663,0.921416173866643,disgust
327.37243373493976,0.43940146024630505,0.03358697710254078,0.9224827329394153,disgust
339.3432289156627,0.40808923258394425,0.041340447070525296,0.9587042184567941,disgust
284.93608032128515,0.3650289768891587,0.030208185033080932,0.9065056202568645,disgust
669.3076787148595,0.3602822353780589,0.039866191248045406,0.9275660361253708,disgust
253.4340883534137,0.3869433765645964,0.03225394791610634,0.9646958756649043,disgust
511.31362248995987,0.35585268073175386,0.03382326170031315,0.913945284546601,disgust
524.9478393574298,0.3885187918836843,0.03578278546115586,0.9262942371927267,disgust
310.85871485943784,0.4470506707150607,0.04670088674767304,0.9569368469784377,disgust
560.549076305221,0.26682410561054853,0.02442182378546769,0.9083376304502071,disgust
402.981718875502,0.36443963915770516,0.02945466402159903,0.927607303160513,disgust
376.04740562249003,0.4153507626794252,0.040475845785243,0.9586437993958469,disgust
530.7130602409638,0.32176886073399624,0.024468969575549355,0.9404436211364109,disgust
301.3050441767068,0.5463201267602622,0.09009704396377713,0.9339342081705494,disgust
287.56579919678717,0.5048805152331843,0.04882292697840565,0.9542308973898296,disgust
293.33524497991965,0.4360283902618003,0.033249465305683054,0.9729846248514614,disgust
473.6611726907631,0.31615301513630956,0.025768069765913327,0.9495125843749063,disgust
639.222859437751,0.323742233213516,0.025257058445243192,0.9244053359317871,disgust
296.3253012048193,0.40860436599251954,0.035201607561996244,0.9781113565006405,disgust
426.64828915662656,0.3700679359001171,0.03694911120393815,0.921018712204206,disgust
572.840578313253,0.2832977159419638,0.024067002165127225,0.9330205796520971,disgust
539.0508433734941,0.32488380707314346,0.031939411359130816,0.9097537452041603,disgust
286.1968192771085,0.5060002032882724,0.08268453645531028,0.940484440657644,disgust
372.31079518072295,0.3786305767840054,0.02953903689578645,0.9299001110873651,disgust
293.75084337349404,0.449499485254889,0.043759159987794255,0.9784374806184519,disgust
336.26888353413653,0.41457162134759834,0.0359293044843215,0.9076157222264447,disgust
366.7745381526105,0.39848431737299334,0.02964365167688638,0.9394786036909701,disgust
556.4721606425702,0.3160720913995794,0.03043266545439698,0.9321332338918883,disgust
527.7694136546186,0.33632113374949607,0.02874302772072129,0.9323491687884198,disgust
464.86414457831324,0.3883828725575256,0.04111060257214012,0.9209242824796995,disgust
462.05559839357437,0.34308347348417967,0.03080905051421092,0.9441315675509191,disgust
592.1729799196787,0.36959475275191833,0.045828208628017834,0.9370174725826906,disgust
319.3979116465863,0.5483194337887205,0.07266436495085295,0.9618743313886355,disgust
84.34486746987952,0.4779945293846414,0.04559857962727319,0.9252000347295225,disgust
302.8559036144579,0.3773999983506287,0.034173564619897956,0.9583261999027366,disgust
291.38295582329323,0.3547470217613501,0.025342800002675577,0.9423679095184476,disgust
186.7392449799197,0.4342662305484093,0.0315882609324769,0.9737985825338168,disgust
430.53702811244983,0.40005531576716924,0.04096672168883998,0.9512973869804484,disgust
510.72804819277104,0.313757053928481,0.028560098581415044,0.9368601439994141,disgust
582.8961124497993,0.33941744705370264,0.034084780026870785,0.9231153584300462,disgust
319.1225381526105,0.41307039815007485,0.031231402879121056,0.956166288834059,disgust
287.71934136546184,0.45491718673738474,0.04206552616809303,0.978446225224336,disgust
146.11572690763052,0.549238250370969,0.05299757378152892,0.9634367677370418,disgust
279.10910843373495,0.40974855048854353,0.035994784652573296,0.9525129997644016,disgust
264.35853815261044,0.3503115627860154,0.02617877577650324,0.970407374374473,disgust
410.07832931726915,0.3783392646337614,0.03596820511010074,0.9506691519679671,disgust
571.238232931727,0.4335828811356226,0.05207191189424915,0.9263146295416677,disgust
428.15146987951806,0.35268299969095257,0.02863429369548175,0.9555624781428993,disgust
261.1053493975904,0.4210225218240701,0.03464524351915623,0.9002027405557234,disgust
267.1427469879518,0.3486360584015811,0.030857945018451273,0.9681597609922006,disgust
376.2792771084338,0.3391155194698905,0.027054669874413843,0.9381650815514201,disgust
404.81153413654624,0.33501355425847473,0.027545783949338872,0.9424767144108364,disgust
308.85143775100397,0.4484571410993272,0.046623328347660586,0.9577606714098515,disgust
466.95005622489964,0.31631606421480274,0.026515281333435305,0.9293958356637833,disgust
466.51167871485944,0.3188147721770573,0.02519832209101713,0.9361519948497801,disgust
348.44175100401606,0.3874210092738628,0.031353660317259224,0.937498616357379,disgust
369.1629879518072,0.3925110098906428,0.03908127689947556,0.9731899812159159,disgust
276.8308755020081,0.44076074681696426,0.046871692235028954,0.9496752199373708,disgust
282.3398714859438,0.39063181840268496,0.028670752206107167,0.9598976457736188,disgust
334.0770120481928,0.4510406301528036,0.038233491946892864,0.9639305633832894,disgust
294.5203212851406,0.3346172734419406,0.02620627394445286,0.94109772265163,disgust
215.82936546184743,0.44074765210554984,0.04144540331696082,0.9850470026857081,disgust
301.54763052208835,0.42519621854086415,0.03973460772403635,0.9586975036530547,disgust
187.84117269076307,0.49006294293347824,0.06562169755657506,0.966268942929027,disgust
132.34329317269078,0.47376861468493037,0.04349500753410961,0.9471055260382065,disgust
182.19797590361452,0.48600401690890427,0.05750702466797536,0.9697284333233588,disgust
183.88534939759037,0.40007509229005656,0.03890501054059474,0.9735294177122804,disgust
572.7447389558233,0.3705296321544739,0.03757103818039988,0.928838822260539,disgust
275.45502008032133,0.3439514999877165,0.026969825620647998,0.9267386968666527,disgust
497.51106827309235,0.37535614931351247,0.038850966401898494,0.9593875421631204,disgust
218.21253012048197,0.40967604535574725,0.03634917196059536,0.9679542956459111,disgust
418.5854779116466,0.2947212074966709,0.022897850190841146,0.9453746420753848,disgust
335.4109879518073,0.3906699349854884,0.02832607303254273,0.954957551607019,disgust
620.1361606425703,0.2803841315159925,0.026614678117022596,0.8008123540000978,disgust
271.85996787148594,0.3958518084526418,0.03395594085369108,0.9747229129995583,disgust
247.32631325301207,0.42804756230037494,0.03994783779732687,0.9778839359049817,disgust
371.6091887550201,0.4012736128573447,0.03725024451517141,0.9213863446437774,disgust
256.6718072289157,0.45893887443742976,0.03422077395351986,0.9458099589103722,disgust
232.32175100401605,0.4012863181798606,0.03173876856224743,0.916347529517763,disgust
374.734859437751,0.3403385722880092,0.031955227464587246,0.9124851574225673,disgust
370.89010441767067,0.40420647834590356,0.042720710196487405,0.9537439907763117,disgust
242.59943775100407,0.44704490102260175,0.0689915796827986,0.9567979729336019,disgust
321.9065060240964,0.4227066014090003,0.042944641739769945,0.926623685137987,disgust
356.28557429718876,0.3341697060383518,0.02559936008296835,0.9654148263076563,disgust
355.2762730923695,0.3091455002376908,0.028394854637322577,0.838172377580037,disgust
376.50459437751005,0.36842569972531053,0.025483522377084036,0.9508921341623332,disgust
517.8331726907631,0.3373643998413341,0.03134000272871639,0.8946656637844908,disgust
618.433767068273,0.4130087026244428,0.06010048412823735,0.9544056890899906,disgust
518.7003694779117,0.37111231817092216,0.11224863475310255,0.9368187393365849,disgust
530.6144899598394,0.44653952410076925,0.08427091512313936,0.9651041070582658,disgust
384.81352610441775,0.3751593424971391,0.03204157715736199,0.9289510424621061,disgust
441.32080321285144,0.42109069222021056,0.03703231122035704,0.9382986268266773,disgust
284.0761606425703,0.41662068884269843,0.031585785476441836,0.9701947251216237,disgust
363.1029076305221,0.41057310415658604,0.03781702848060025,0.8790978762741813,disgust
463.5597108433735,0.4008000334991482,0.04862805298691061,0.8842049967313067,disgust
187.89577510040164,0.4427301791023284,0.034448000395001344,0.9734963129668968,disgust
509.2968995983937,0.3745872050886219,0.032778084141005547,0.9470537063512835,disgust
375.11145381526114,0.3103809452285337,0.025622303633923624,0.9180753807792243,disgust
532.219341365462,0.3250830386913609,0.025153169273176866,0.9163462148990833,disgust
338.807967871486,0.3253539278088594,0.023910878975582337,0.9556423275028227,disgust
350.67489156626505,0.3677861748891486,0.02440458326081654,0.9559434148478264,disgust
250.86396787148598,0.5033099273222007,0.04243495046025369,0.9078227445963906,disgust
331.1341686746988,0.34803765958753613,0.02862792130244074,0.9276968407563981,disgust
325.61887550200805,0.42681199579068263,0.039526913171777985,0.9629978870266562,disgust
292.9807068273093,0.3905821701651436,0.03676926311500961,0.970020558148326,disgust
222.45100401606427,0.4124008469958851,0.03393273815741036,0.9767748895312993,disgust
399.0070522088353,0.3715034887072423,0.03288419726113444,0.9280435342624143,disgust
333.5289317269076,0.3597399659177899,0.029084433841253643,0.899192846156482,disgust
492.4822168674699,0.3558952819461794,0.030069748974513703,0.9215844958822076,disgust
265.3260883534137,0.4061818543947321,0.0354589063988063,0.9743923996936289,disgust
638.2021686746988,0.33058232834550805,0.03233068120548234,0.9384537978111832,disgust
400.24226506024104,0.43862179276153423,0.034580215350526834,0.9589040974224896,disgust
363.3219116465864,0.3341259589527753,0.025599329840746813,0.9205354365986336,disgust
491.04796787148604,0.2953649483964343,0.024366316743713506,0.9560641017050199,disgust
356.47893975903617,0.35692429285462973,0.028280694487274702,0.9378732333983447,disgust
722.9846746987952,0.2704416298213444,0.022207822950555567,0.9316114109155234,disgust
299.75106827309236,0.35517939482126687,0.030675278221864697,0.9249949023170934,disgust
253.33164658634539,0.3878842725222442,0.033572652291521274,0.902882747042596,disgust
477.7044819277109,0.45381269645621736,0.04678456100537171,0.9557689027780071,disgust
339.74544578313254,0.5074515157632957,0.06742206376030536,0.9720428654796365,disgust
472.8632449799197,0.28417335890564127,0.024133679306381703,0.90908167757281,disgust
346.06756626506024,0.4529744819138217,0.057408507892463614,0.9786915203852978,disgust
241.69384738955827,0.444472900703807,0.039103246077644364,0.9774047111092546,disgust
322.2315662650603,0.4549892139599591,0.05934724467128518,0.9434608425723835,disgust
429.9436626506024,0.43571268458334683,0.037921270305313934,0.8745489108206999,disgust
187.80975100401605,0.49564627842451925,0.03768201506189462,0.9620849463430375,disgust
249.24968674698798,0.48280164092293765,0.04688945018208694,0.9691446564911965,disgust
253.19958232931728,0.4506361203396636,0.04058180450310357,0.9555263918002642,disgust
225.73081124497995,0.31209600305067875,0.028387928524205297,0.9767305864693387,disgust
301.73699598393574,0.4082720531468947,0.03242009853948395,0.9590810233173878,disgust
499.46599196787156,0.4192154801441153,0.038516454063075516,0.8036770164008809,disgust
400.4281606425703,0.44313823121123264,0.043226930717241985,0.9325173789672528,disgust
212.427983935743,0.46313143174955695,0.04698676276256158,0.9853829979983588,disgust
366.85980722891566,0.4057162969619911,0.042740693994297085,0.8933956984731233,disgust
254.73010441767067,0.4818807322742628,0.0427768572758082,0.9684308639221881,disgust
301.5026345381526,0.42331808037979585,0.03868737380241198,0.9512292817377608,disgust
564.422248995984,0.31645776987800167,0.027781199318314936,0.906462215565198,disgust
318.39074698795184,0.4599683451589327,0.06516257111891631,0.9661204575558758,disgust
488.54110843373496,0.4801351489119347,0.0677022466399273,0.9574643677446546,disgust
310.19150200803216,0.35182767259636316,0.030331078500356535,0.9349644292989461,disgust
309.747967871486,0.3366666722129207,0.023256972285552766,0.9699006420858818,disgust
278.6447710843373,0.4586904020312614,0.04122713722685426,0.9399987224844658,disgust
401.7591967871486,0.3029088216824299,0.024788236525693164,0.9332197890905898,disgust
385.53103614457837,0.33604294329837603,0.027161167212969645,0.9050995811079655,disgust
298.9389397590361,0.5348701147360192,0.05145793522945769,0.9551686494348568,disgust
75.4601124497992,0.4894074688691322,0.04560795627999005,0.949749565991947,disgust
154.00523694779122,0.44676480606798974,0.07548773683803763,0.9622423493651374,disgust
313.24677911646586,0.488846650275438,0.04888730589759012,0.9237557480708216,disgust
521.4871646586346,0.3687617477612769,0.02885139667802475,0.9400401625523107,disgust
416.2886425702812,0.4069011605512858,0.028734919271768827,0.9471620245893596,disgust
340.10615261044177,0.3565242204781834,0.028067746442287503,0.9606481557689487,disgust
221.56213654618475,0.48783977756945457,0.03838570939927655,0.9705225934380561,disgust
210.60236144578317,0.49463131047427844,0.0746167602398752,0.9716323589024957,disgust
467.5521285140563,0.4242935200502551,0.05705985654199533,0.9448643557944404,disgust
281.52346987951813,0.5910439466682366,0.05288206530042315,0.9321417393460814,disgust
318.34648995983935,0.43708530414991215,0.04082991884472178,0.9633415759635153,disgust
378.26269879518077,0.4403868518281556,0.09553252254338415,0.9642879316564835,disgust
372.96714859437753,0.43199662189999255,0.042883064000955325,0.8907573715432415,disgust
305.7992289156627,0.44916485951986596,0.04529016926737216,0.9819714458142799,disgust
566.7322088353415,0.38249718535498084,0.0346912679623783,0.9175205577797827,disgust
277.8790200803213,0.4065035528594689,0.03164170145570174,0.9716720201287324,disgust
214.6130120481928,0.41127285445544276,0.032620593114034105,0.9786443231858037,disgust
176.9710200803213,0.5367846608225834,0.05690404741109657,0.9513188220079216,disgust
469.1489477911647,0.4176518095122107,0.040889249330294475,0.9414179106573491,disgust
375.6590040160642,0.38831526372392955,0.03391581268795829,0.9564248547741843,disgust
353.81442570281126,0.4580963719474871,0.05195289008962541,0.9318248486047487,disgust
358.676016064257,0.475537068354727,0.039723675809672225,0.9468232689303652,disgust
300.94663453815264,0.4265457396594655,0.03880809317237677,0.9483817792736173,disgust
371.7970602409638,0.38784818023042406,0.057129539307998696,0.9614853867435028,disgust
537.2736224899598,0.29787047746130074,0.025837937973553188,0.8968616704877006,disgust
54.15150200803214,0.4683147342890826,0.044438195073610944,0.9800604950555704,disgust
340.40414457831326,0.3410209689153322,0.029826458913659266,0.9124309481184976,disgust
415.4186666666667,0.2990112619773558,0.023532508133417698,0.9081437807036988,disgust
521.7924337349398,0.40177319429677893,0.03795473693033214,0.9497988441718804,disgust
527.0877269076307,0.29969118034968045,0.024415070671128428,0.9151076204100621,disgust
328.3752128514056,0.41535248560734406,0.03733041621572301,0.927139039464581,disgust
467.8993413654619,0.3942064873028162,0.031681313382676046,0.9461323440835987,disgust
386.8297991967871,0.3648471004020288,0.03163386285314566,0.8997626145234169,disgust
585.7954056224901,0.41333611028200384,0.03823561125907822,0.8708874544833206,disgust
334.6104899598394,0.5076002668575009,0.04077114763224522,0.9351243576887011,disgust
448.83934136546185,0.41320954841966306,0.041623379653489063,0.9582189805545182,disgust
328.6596626506024,0.40953887009732637,0.040459737655143616,0.9599049583250386,disgust
3.695566265060241,0.5636284573618874,0.049097788762890955,0.9978393772340914,disgust
242.24665060240966,0.4125413565909228,0.03458183470960425,0.9552466349815506,disgust
298.99055421686745,0.3608660708442638,0.02784648949121311,0.961233970060139,disgust
405.73519678714865,0.33862220823596145,0.028707631859240742,0.9628368590367695,disgust
258.9428112449799,0.3856150106166248,0.030224847303065686,0.9528196125629508,disgust
305.18629718875496,0.43560649291744824,0.09757562749270678,0.9837450387345715,disgust
432.7923694779116,0.4374604697978357,0.04639974260632968,0.9186746774437404,disgust
364.88703614457836,0.40052084386686326,0.036500219118653886,0.951568137200025,disgust
404.89643373493976,0.35477045142470415,0.02784445988970246,0.91307392203629,disgust
454.4561927710844,0.397952863905215,0.03249089608015578,0.9399867253715457,disgust
366.65606425702816,0.33587641058374285,0.024973560316051007,0.9530784756632724,disgust
226.0016385542169,0.405408673295926,0.05017122855746029,0.9798217825030595,disgust
360.09278714859437,0.3829417556558792,0.03407560257988698,0.949704113238595,disgust
450.502281124498,0.354091044998888,0.03847543490309634,0.9132521803486713,disgust
371.9739919678715,0.33694865463989315,0.026500337713034085,0.9432687626349128,disgust
414.96179919678724,0.36260636391055223,0.028975823181735645,0.9505579966362612,disgust
434.365702811245,0.2913481978648441,0.023639295191625744,0.9546519372055042,disgust
178.38338955823295,0.4543678776833749,0.044489628489258116,0.9664800573968848,disgust
444.7052208835342,0.36198491211771133,0.03790399487141777,0.8868172307672348,disgust
246.6215903614458,0.35522942701061033,0.03277879269922148,0.9804239994261861,disgust
284.94918875502015,0.4357572844802017,0.03440639105116084,0.9370963089115473,disgust
465.92141365461845,0.33627352518347386,0.025986635738631237,0.9493331553810173,disgust
367.7046907630522,0.4288232613413051,0.03956613135426228,0.9216749501811753,disgust
289.65079518072287,0.5529914361946902,0.06995742506635134,0.9525092601549172,disgust
337.90326104417676,0.32265945691385234,0.024190050887889388,0.9464678861250763,disgust
309.90435341365463,0.3635920232372292,0.025055349126091322,0.9493410803770057,disgust
261.82043373493974,0.458186588917282,0.05093784152251249,0.9737321786941017,disgust
486.68385542168676,0.33224689455238055,0.027945962551940637,0.9276678506127077,disgust
452.72138152610444,0.40079494525732157,0.04897534360163995,0.9365196743100378,disgust
295.64440160642573,0.4586431713171008,0.04103818125168859,0.9178246893578025,disgust
397.67530923694784,0.32424653119103203,0.024341659326514376,0.9346034776005838,disgust
423.07272289156623,0.2996987976150554,0.024609634346648944,0.9416185289617859,disgust
256.4620080321285,0.44492689627730686,0.032769351871679835,0.9478175937360425,disgust
611.6653654618475,0.3177517950015063,0.0288270485105049,0.9342382285085978,disgust
236.89847389558233,0.4762021705629925,0.04005350528672186,0.9516926158341176,disgust
392.94165461847393,0.44532766894315684,0.04441998585075827,0.9252275590109384,disgust
402.84734136546183,0.4069082637138733,0.04086943997676172,0.9230889968060825,disgust
250.91852208835343,0.49637320643921967,0.06021326270727027,0.9672417592638416,disgust
263.0375421686747,0.3667237562623414,0.031180710477145688,0.9686703189548957,disgust
375.8307791164659,0.35405500424204955,0.024952378314086573,0.9352218062567407,disgust
327.72783935742973,0.34961818014054835,0.02695349684328126,0.9522791890505342,disgust
256.3634859437751,0.44811209024583054,0.03572578080335616,0.9742005984704531,disgust
291.9307148594378,0.4317560458657375,0.05089478611371136,0.9590355841178811,disgust
306.8962409638554,0.43803324881531713,0.03736364542336028,0.9488564761716027,disgust
239.93233734939764,0.32915955031680705,0.02499603555605287,0.9603978077001161,disgust
500.88149397590365,0.325732025919653,0.02540147657791788,0.9519210077405871,disgust
512.2724176706828,0.3465240776036282,0.032430747120854204,0.9393199500909614,disgust
392.2962248995984,0.3490890893764262,0.03328050393346607,0.9270779103497369,disgust
338.8061686746988,0.37831684235448343,0.030361964254726134,0.8759774291509203,disgust
507.0824257028113,0.27884579064322645,0.022897444464759064,0.9140150627008387,disgust
418.49129317269075,0.42075814017388,0.036801813951280654,0.9482298657024235,disgust
275.00115662650603,0.35393067530041417,0.032982685619649996,0.959623141282205,disgust
702.5632610441767,0.33522424224378955,0.056971877924781644,0.9475932083612548,disgust
287.3703293172691,0.48297835071884304,0.045350236930065436,0.9456729240543189,disgust
359.87715662650606,0.38084395617587374,0.031471326825968114,0.8963702973382004,disgust
246.98041767068275,0.3514702548306356,0.024473852087009907,0.9587689345442768,disgust
449.933686746988,0.34662743696394505,0.03199141834253327,0.9552491425150353,disgust
343.4395983935744,0.3614085513600923,0.025980925072163256,0.951346373736273,disgust
256.18865863453817,0.45348702366293936,0.03848613131390623,0.9321139922768888,disgust
285.5420562248996,0.3557638149610005,0.03434062503458085,0.9313940649712213,disgust
350.8247389558233,0.4766078243203467,0.04457969388939838,0.9663300674538989,disgust
352.68306827309243,0.4963234653891872,0.051884814728893676,0.8949106237103439,disgust
381.30730923694773,0.43133573221041066,0.04127920198565269,0.9223248034830633,disgust
318.4398072289157,0.3345431570039799,0.02654872063178187,0.9408870488732842,disgust
242.90269879518073,0.491356173413775,0.048742916131826845,0.9587598054225513,disgust
502.3838714859438,0.32129519224627406,0.02513118369534412,0.9331980023493076,disgust
223.2939919678715,0.3844072619750414,0.02960437292815728,0.965970260545388,disgust
296.92737349397595,0.4810054277442402,0.050726024826354736,0.9279087426633844,disgust
212.65725301204822,0.421152829119392,0.036641799104160426,0.9763348405966799,disgust
387.8956947791165,0.4109055598046985,0.035946588478888965,0.9320350026520134,disgust
116.95195180722891,0.5242322014573114,0.046019170310468815,0.9283901111406011,disgust
301.39858634538155,0.4724569402338786,0.04735078122180036,0.9666102172005469,disgust
440.9808835341366,0.33876129128079546,0.02670280611089217,0.8894456938689158,disgust
